id,first_name,last_name
10000,Ömür,Kocabıyık
10002,Liam,Hall
10003,Aleena,Mjelde
10004,Sarah,Lavoie
10005,Micheal,Knight
10006,Malou,Rasmussen
10007,Lily,Bourgeois
10008,Noa,Laurent
10009,Siddártha,Campos
10010,Mikkel,Jørgensen
10011,Amanda,Kyllonen
10012,Eve,Charles
10013,Tinius,Rosvold
10015,Marèl,Borghouts
10016,Louise,Soto
10017,Alva,Fleischer
10018,Jaimey,Limmen
10019,Okan,Toraman
10020,Roswitha,Leroy
10021,Buse,Ağaoğlu
10022,Nathaniel,Moore
10023,سهیل,رضایی
10024,Aaron,Franklin
10025,Raffaella,Gautier
10026,Marie,Rasmussen
10027,Wyatt,Wallace
10028,Ottomar,Blank
10029,Hélder,Duarte
10030,Mehmet,Kasapoğlu
10031,Addison,Brown
10032,Amalie,Madsen
10033,Zachary,Ross
10034,رهام,سهيلي راد
10036,Kelly,Ross
10038,Evan,Arnaud
10039,Izzie,Hicks
10040,Brad,Bryant
10041,Leon,Elliott
10042,سارا,نجاتی
10043,Ignaz,Baumbach
10044,Armandino,da Mata
10045,Kristin,Graves
10046,Tracy,Wood
10047,Robert,Stevens
10048,Arben,Boyer
10049,Timmothy,Horton
10050,Serenity,Martinez
10051,Alyssia,Leclerc
10052,Salma,Sund
10053,Elijah,Lee
10054,Nova,Tewelde
10055,Dora,Jenkins
10056,Floriaan,Hulshoff
10057,Eloïse,Colin
10058,Logan,Wilson
10059,Javier,Alvarez
10060,Sheryl,Odonoghue
10061,Pat,Harper
10062,Lucas,Caron
10063,Clara,Roche
10065,Jeremiah,Fitzgerald
10066,Ritthy,Pena
10067,Roxane,Masson
10068,Rita,Jost
10069,Mario,Henderson
10070,Florence,Alexander
10071,Endre,Stålesen
10072,Amanda,Keto
10073,Nicolaus,Frenz
10074,Jeff,Fisher
10075,Katie,Lee
10076,Andy,Armstrong
10077,Cornelia,Røste
10078,Corina,Böker
10079,Uriel,Peixoto
10080,Lena,Simon
10082,Joshua,Thomas
10083,Nino,Lucas
10084,Ruby,Ribbink
10085,Piper,Green
10086,Arlo,King
10087,كيان,جعفری
10088,Timothe,Andre
10089,Matheus,Brænden
10090,Veronica,Rubio
10091,Denise,Walker
10092,Connor,Rose
10093,Olaf,Zimmermann
10094,Andrej,Vidal
10096,Silas,Bonnet
10097,Petar,Ewert
10098,Vinzenz,Kruppa
10100,Virginia,Guerrero
10101,Felix,Perry
10102,Lucia,Carmona
10103,Philippe,Clark
10104,Emilia,Waisanen
10105,Meral,Oraloğlu
10106,پوریا,کریمی
10107,حسین,کوتی
10108,Rapaz,Silveira
10109,Hildegardo,Novaes
10110,Sophie,Young
10111,آرتين,رضایی
10112,Heinz-Wilhelm,Lück
10115,Stacy,Kennedy
10116,Clarisse,Mathieu
10117,Ezra,Cooper
10118,Gilbert,Lucas
10119,Lee,Lowe
10120,Jacqueline,Herrera
10121,Valentina,Kjeldsen
10122,Simon,Hansen
10123,Lene,Solsvik
10124,Amelia,Wright
10125,Davide,Lecomte
10126,Christian,Burns
10127,Apostolos,Mauer
10128,Estela,Monteiro
10129,Anna,Kelley
10130,Emma,Kelly
10131,Aloïs,Giraud
10132,Angel,Ortiz
10133,Janet,Price
10134,Deniz,Alyanak
10136,Lucia,Berg
10137,Etienne,Kowalski
10138,Rafael,Carroll
10139,Niko,Franke
10140,Jonas,Møller
10141,Gina,Thunes
10142,Genésia,de Souza
10143,Ronald,Anderson
10144,Brennan,Walters
10145,Ilona,Niska
10146,Amanda,Aho
10147,Sharron,Kelly
10148,Leah,King
10149,Dolores,Rojas
10150,Anthony,Kelley
10151,Claudete,Silveira
10152,Elisabete,Barbosa
10153,Fernando,Cabrera
10154,Josiane,Deschamps
10155,Wynand,Foesenek
10157,Helga,Bosma
10158,یسنا,محمدخان
10159,Rahel,Leroy
10160,Timothe,Lacroix
10161,Mattias,Fjellestad
10162,Arnaud,Andersen
10163,Delphine,Ross
10164,Jon,Scott
10165,Savannah,Newman
10166,Victoria,Jean-Baptiste
10168,Thomas,Lee
10169,Dale,Hart
10170,Lenny,Riviere
10171,Anthony,Farragher
10172,Julio,Vidal
10173,Niilo,Pulkkinen
10174,Fatma,Akyüz
10175,Tess,Rolland
10176,Felix,Williams
10177,ملینا,رضایی
10178,Amandine,Muller
10179,Dylan,Morris
10180,Recep,Kölling
10181,Rodney,Barnett
10182,Lewis,Williamson
10184,Erhard,Schepers
10185,Wania,Costa
10186,Zainab,Unneland
10187,اميرمحمد,احمدی
10188,Kenan,Tunçeri
10190,Asma,Refseth
10191,Tamara,Brewer
10192,Erik,Barnes
10193,Nikie,Oevering
10194,Robin,Meunier
10195,Iina,Korpela
10196,Alisa,Hokkanen
10197,Daniel,Kalm
10198,Renate,Bor
10199,Sedef,Akar
10200,Harold,Mendoza
10201,Elizabeth,Edwards
10202,Muharrem,Otte
10204,Scott,Black
10205,Kathleen,Cole
10206,Nurdan,Kulaksızoğlu
10207,Murat,Adan
10208,Atie,Niels
10209,Charlie,Nicolas
10210,Marcus,Wright
10211,Joany,Beek
10212,Begüm,Alpuğan
10213,Christian,Hansen
10214,Ondino,Castro
10216,Haakon,Heen
10217,Arthur,Morin
10218,Sherry,Chapman
10219,Koray,Körmükçü
10220,Hilla,Lehtinen
10221,Érico,Santos
10222,Alexander,Petersen
10223,Astrid,Petersen
10224,Shane,Hopkins
10225,Sibille,Gabel
10226,Jasmyn,Ronda
10227,Villads,Andersen
10229,Veronica,Castro
10230,Ana,Kunath
10231,Taylor,Caldwell
10233,Philip,Hicks
10234,Regina,Hofman
10235,Joshua,Walker
10236,Helmi,Kari
10237,Manon,Boyer
10238,Pilar,Moreno
10239,Alfonso,Gil
10240,Roy,Gutierrez
10241,Nandielly,Barros
10242,Sofie,Johansen
10243,Britney,Hunt
10244,Matilda,Zhang
10246,Rose,Martin
10247,Alizee,Petit
10248,Dani,Sæthre
10249,Bernhard,Fossheim
10250,Anne,Smith
10251,Alberto,Arias
10252,Ashton,Walker
10253,Gabriela,Arnold
10254,Amal,Nordberg
10255,Vidal,da Rosa
10256,Kay,Van Lieshout
10257,Luisa,Moreno
10258,Raymond,Foster
10259,Doris,Brewer
10260,یسنا,حیدری
10261,Cesar,Perez
10262,Luisa,Herrero
10263,Lilja,Huhtala
10264,Alex,Reed
10265,Borja,Lozano
10266,German,Garcia
10267,Amber,Robertson
10268,Debby,Tuerlings
10269,Layla,Edwards
10270,Herbert,Meyer
10271,Julie,Burton
10272,Sira,Van der Salm
10273,Lillian,Mccoy
10274,Asta,Hansen
10275,Ralph,Soto
10276,Cátia,Porto
10277,Charles,Hubert
10278,Elvine,Begum
10279,Dajana,Koller
10280,Asta,Siemens
10281,Rebekka,Wohlfahrt
10282,Kübra,Karaböcek
10284,Kenneth,Bäcker
10285,Avery,Young
10286,Sherri,Graves
10287,Yalda,Annink
10288,Leevi,Ketola
10289,عباس,احمدی
10290,Gabin,Guillot
10291,Esat,Köybaşı
10292,Gaëlle,Roux
10293,Maeva,Slawa
10294,Vanessa,Nicolas
10295,Mariano,Fuentes
10296,Elizabeth,Kumar
10297,Eva,Robinson
10298,Valentine,Francois
10299,Maxim,Kötter
10300,Natnael,Reed
10301,Isaltino,da Rocha
10302,Isabella,Thomsen
10303,Lee,Davidson
10304,Silke,Kristensen
10305,Ken,Newman
10306,Márcia,da Conceição
10307,Doris,Lawson
10308,Reginald,Larson
10309,Billy,Daniels
10310,Ellie,Day
10311,Nora,Smith
10312,Gustav,Madsen
10313,Andrea,Howard
10314,Christopher,Hughes
10315,Nilesh,Bosker
10316,Mathilda,Hegna
10317,Elijah,Craig
10318,Babür,Nalbantoğlu
10319,Günter,Griebel
10320,Ryan,Denys
10321,Luis,Sanchez
10322,Enni,Tuomi
10323,Cristian,Cano
10324,Azra,Mercier
10325,Arlo,Moore
10326,Matthieu,David
10327,Glen,Ross
10328,Lana,Valstad
10329,Malthe,Jensen
10330,Magnus,Sørensen
10331,امیر,قاسمی
10332,Deodira,Fernandes
10333,سوگند,موسوی
10334,Elijah,Anderson
10336,Arthur,Garcia
10337,Graciete,Souza
10338,Francis,Fox
10339,Maria,Vega
10340,Rasmus,Huhta
10341,Feiko,Hebben
10342,حسین,مرادی
10343,Sophie,Claire
10344,Sebastian,Cano
10346,Nalan,Türkdoğan
10347,Gaëtan,Riviere
10348,Ayse,Dupuis
10349,Martin,Leon
10350,Leon,Stanley
10351,Delphine,Lavoie
10352,Léandro,Thomas
10353,Juan,Walker
10354,Poppy,Anderson
10355,Hugo,Schmitt
10356,Mathis,Berger
10357,Nerea,Bravo
10358,Scarlett,Edwards
10359,Marcos,Alonso
10360,Belen,Perez
10361,Zachary,Fortin
10362,Brad,Jennings
10363,Necati,Kuzucu
10364,Alexandre,de Souza
10365,Theodore,Mcdonalid
10366,Siiri,Moilanen
10367,Samantha,Leclerc
10368,Asher,Harris
10369,Savannah,Gibson
10370,Liberto,da Conceição
10371,Heinz,Krapf
10372,Flora,Henry
10373,Jessica,Harris
10374,Poppy,King
10375,Edwin,Martin
10376,عرشيا,رضاییان
10377,Silas,Thomsen
10378,کوروش,حیدری
10379,Alfred,Olsen
10380,Vanesa,Reyes
10381,Adail,Silveira
10382,Jasmine,Thompson
10383,Carola,Göhring
10384,Ross,Ellis
10385,Noa,Steffensen
10386,Ryan,White
10388,Wenke,Kock
10389,Lindaura,Pires
10390,Bertram,Nielsen
10391,Osmano,Campos
10392,Mohamad,Leroy
10393,Claire,Mercier
10394,Isabel,Rojas
10395,Alfred,Silva
10396,August,Kristensen
10397,اميرعلي,كامياران
10398,Gretl,Hagel
10399,Angela,Simmons
10400,Karine,Gunnes
10401,Lee,Evans
10402,Blake,Brar
10403,Anna,Møller
10404,Buse,Limoncuoğlu
10405,Otto,Corneliussen
10406,Barbara,Garrett
10407,Tristan,Nielsen
10408,Allie,Campbell
10409,Ermin,Vos
10410,Nuria,Rubio
10411,Séléna,Garcia
10412,Fatma,Körmükçü
10413,Elsa,Anttila
10414,Lauren,Soto
10415,Maureen,Lawrence
10416,Andrea,Olsen
10417,Arno,Bonnet
10418,Gunnar,Holtan
10419,Naomi,Thompson
10421,Tobias,Larsen
10422,Byron,Hawkins
10423,Mikail,Bogaert
10424,Lorenzo,Ortiz
10425,Mac,Jongkind
10426,Gonca,Erginsoy
10427,Edward,Låstad
10428,Esther,Delgado
10429,Rosa,Ramos
10430,Jessica,Watkins
10431,Rafael,Carpentier
10432,Victor,Morales
10433,Marcella,Mohr
10434,Yvone,da Paz
10435,Gláucia,Viana
10436,Latife,Tazegül
10437,Miguel,Herrero
10438,Olivia,Kangas
10439,Oona,Jarvinen
10440,Grace,Ryan
10441,Addison,Green
10442,Sharlene,Flores
10443,Howard,Kennedy
10444,Milla,Perko
10445,Marit,Geib
10446,Kadir,Çapanoğlu
10447,Brett,Black
10448,Charles,Zhang
10449,Ronnie,Murphy
10450,Manuel,Rodriguez
10451,Afaf,Bon
10452,Roque,da Cruz
10453,Adam,Roberts
10454,Rose,Burns
10455,علی رضا,کوتی
10456,Heldo,Almeida
10457,Rose,Zhang
10458,Vinesh,Van der Arend
10459,Asta,Christensen
10460,Reinate,Buunk
10461,Debbie,Ross
10462,Isabel,Santiago
10463,Mathias,Madsen
10464,Vildan,Alpuğan
10465,Jessie,Ramos
10466,Marcus,Kumar
10467,Anea,Olsrud
10468,Storm,Møller
10469,Kathy,Garcia
10470,Sam,Johnson
10471,Sebastian,Robinson
10472,Latife,Velioğlu
10473,Lonnie,Curtis
10474,Sasa,Robert
10475,Emi,da Luz
10476,Eemeli,Sippola
10477,مهدي,كامياران
10478,Lionel,Roux
10479,Christina,Howard
10480,Luite,Timmermans
10481,Cansu,Van Nimwegen
10482,Hanspeter,Rahm
10483,Freja,Skjæret
10484,Seth,Morrison
10485,Iiris,Huotari
10486,یلدا,کامروا
10487,Loretta,Barrett
10488,Boaz,De Goede
10489,Eren,Kaya
10490,Leo,Wirtanen
10491,Siril,Heggland
10492,Vilma,Mattila
10493,Jessica,Cooper
10494,Emma,Kotila
10495,Oseas,Barros
10496,Ayla,Jackson
10497,Isla,Moore
10498,Gökhan,Balaban
10499,Saniye,Luijckx
10500,Florence,Stanley
10501,Viola,Bes
10502,Amanda,Leppanen
10503,Tessa,Dupont
10505,Alfonso,Calvo
10506,Marianne,Scott
10507,Anna,Montero
10508,Alvin,Reid
10509,Sara,Hansen
10510,Eugenio,Velasco
10511,Steve,Payne
10512,آرش,موسوی
10513,Trientje,Welp
10514,Liam,Thompson
10515,Martine,Herigstad
10516,Lena,Bloch
10517,Nihal,Akaydın
10518,Pihla,Harju
10519,Liam,James
10521,Kenan,Kasapoğlu
10522,Wanderleya,Pereira
10523,Ömür,Özdenak
10524,Melita,Schweitzer
10525,Emre,Egeli
10526,Shawn,Mcdonalid
10527,Roberto,Ramos
10528,Matilda,Lauri
10529,Milo,Morin
10530,Roméo,Moulin
10531,Buse,Gönültaş
10532,Louwe,Van Paassen
10533,Soesja,Van Rutten
10534,Djairo,Baidjoe
10535,Eliot,Lemoine
10536,Célian,Renard
10537,Odile,Roger
10538,Albert,Poulsen
10539,Erhard,Mathieu
10540,Victor,Ferreira
10542,Brandie,Stanley
10543,آرش,حیدری
10544,Vilma,Ruona
10545,Alyssia,Henry
10546,Warren,King
10547,Erika,Sørvik
10548,Tyler,Richards
10549,Milano,Van Zuilekom
10550,Chahid,Vincken
10551,Glen,Hunter
10552,Delphine,Gauthier
10554,احسان,محمدخان
10555,Miguel,Guerin
10556,Kylie,Obrien
10557,Romão,Santos
10558,Kátia,da Rosa
10559,Anna,Rolland
10560,Charlotte,Lucas
10561,Annelene,Mahn
10562,تینا,کامروا
10563,Hector,Ferguson
10564,Kristiane,Fjeldheim
10565,Ricky,Woods
10566,Alyssa,Caron
10568,Paul,Lundekvam
10569,بهار,پارسا
10570,Georg,Renaud
10571,Yasmine,Giraud
10572,Madaleno,Teixeira
10573,Edouard,Brun
10574,Ivan,Mcdonalid
10575,Eskild,Olden
10576,تینا,کریمی
10577,Pihla,Kivi
10578,Ryan,Allen
10579,Ray,Alvarez
10580,Necati,Yetkiner
10581,Kerttu,Laakso
10582,Charlotte,Lemaire
10583,Eevi,Wainio
10584,آیلین,مرادی
10585,Niklas,Hautala
10586,Nieves,Ortiz
10587,Felecia,Lee
10588,Jardel,Cavalcanti
10589,Sofija,Vetrhus
10590,Aria,Edwards
10591,Damaris,Guillot
10592,Amado,Barros
10593,Judith,Mccoy
10594,Peetu,Koski
10595,Fredo,Scheuer
10596,Kevin,Grønseth
10598,Matthew,Knight
10599,Sara,Rinne
10600,Eloida,Oliveira
10601,Holly,Thomas
10603,Tyler,Carr
10604,Rose,Durand
10605,Esma,Sadıklar
10606,Ramon,Carvalho
10607,Rémi,Lambert
10608,Willard,Walters
10609,Brittany,Rogers
10610,Jesus,Gutierrez
10611,Maxim,Marthinsen
10612,Oya,Erdoğan
10613,Leif,Olstad
10614,Edna,Cox
10615,Amandine,Brun
10616,Blake,French
10618,Darrell,Harper
10619,Alcino,Rodrigues
10620,Harriet,Thomas
10621,Billie,Sims
10623,Alfredo,Fernandez
10624,Theresa,Ramos
10625,Bruce,Bell
10626,Eckhart,Altmann
10628,Fiona,Powell
10629,Steven,Jones
10630,Marie,Mortensen
10631,Amund,Austbø
10632,Anália,Santos
10633,Mila,Martin
10634,بنیامین,حسینی
10635,Deniz,Kaplangı
10636,Katrine,Mortensen
10637,Côme,Gautier
10638,Undine,Kutzner
10639,Jacomijntje,Schrik
10640,Yannick,Dupont
10641,Elmides,Rocha
10642,Eelis,Koski
10644,Enzo,Charles
10645,Helmar,Goll
10646,Megan,Taylor
10647,Emil,Arola
10648,Ådne,Kvam
10649,Edwin,Burke
10650,Kim,Johnston
10651,Faith,George
10652,Josiane,Bernard
10653,بردیا,كامياران
10654,Ifigênia,Dias
10655,Yann,Lefevre
10656,Francisco,Rhodes
10657,Karen,Førsund
10658,Benjamin,Nichols
10659,Ece,Beşok
10660,Evelyn,Brevik
10662,Zulma,Cavalcanti
10663,Roger,Simmmons
10664,Alisa,Vincent
10665,Miguel,Montgomery
10666,Jihan,Van den Hoorn
10667,Morgan,Brun
10668,Megan,Davidson
10669,Toivo,Lahti
10670,Lavrans,Rørstad
10671,زهرا,محمدخان
10672,Dylan,Smith
10673,Karl-Ludwig,Ruppel
10674,Isaías,Duarte
10675,Frederick,Brooks
10676,Owen,Dupont
10677,Oya,Babaoğlu
10678,Maddison,Fields
10679,Cody,Berry
10680,Melina,Lindstrøm
10682,Zoe,Green
10683,August,Petersen
10684,Louanne,Roger
10685,Severin,Schmitt
10686,Fiona,Rogers
10687,Adrian,Green
10688,Lidia,Legrand
10689,Hemelyn,Moreira
10690,Troy,Shelton
10691,Noémie,Wilson
10692,Hailey,Bakken
10693,Luna,Skarsvåg
10694,Jonah,Bakkejord
10695,Ümit,Sarıoğlu
10696,Wesley,Castillo
10697,آرمین,علیزاده
10698,Ella,Pulli
10699,Peetu,Jokela
10700,Paulo,Neumeier
10701,Hugo,Patel
10702,Micheal,Bowman
10703,Naim,Robert
10704,Ainhoa,da Conceição
10705,Ella,Puro
10706,Jacob,Kristensen
10707,Arianna,Austin
10708,Melvin,Phillips
10709,Otto,Pollari
10710,Kübra,Sepetçi
10711,Deniz,Tanrıkulu
10712,Jasmim,Carvalho
10713,Oya,Yeşilkaya
10714,Viivi,Korpela
10715,Aleksi,Pakkala
10716,Blake,Obrien
10717,Lily,Joly
10718,Alison,Fitzgerald
10719,Henrike,Ammann
10720,Izzie,Foster
10721,Sherry,Shaw
10722,Antonia,Dominguez
10723,Charles,Kowalski
10724,Ibrahim,Stier
10725,Nasir,Carels
10726,Sarah,Fletcher
10727,Amrit,Zeelen
10728,Tim,Figenschou
10729,Audrey,Lopez
10730,Lance,Hayes
10731,سارینا,جعفری
10732,Manuel,Speck
10734,Elizabeth,Rodriguez
10735,Sheila,Kennedy
10736,Anton,Jarvela
10737,Milagros,Crespo
10738,Viviane,Rocha
10739,Stein,Vrieswijk
10740,Liliane,Philippe
10741,Anna,Tverå
10742,Jackson,Robinson
10743,Sergio,Otter
10745,Burkhardt,Kämpf
10746,Ceyhan,Tazegül
10747,Corinta,Pires
10748,Ayşe,Gürmen
10750,Maja,Christensen
10751,Jonathan,Navarro
10752,Avery,Shelton
10753,Leon,Hawkins
10754,Chad,Fuller
10755,Ana,Chambers
10757,Tomothy,Stone
10758,Alfredo,Fabre
10759,Danny,Wohlfahrt
10760,احسان,کوتی
10761,Delia,Rehberg
10762,Nova,Nessa
10763,Hans-Walter,Mau
10764,Arijus,Kjos
10765,Raphaël,Dumas
10766,Ekaterina,Noel
10767,اميرعلي,قاسمی
10768,محمدپارسا,زارعی
10770,Mehmet,Kuzucu
10771,Ryan,Smith
10772,Arttu,Leinonen
10773,Macit,Yıldızoğlu
10774,Christine,Barnett
10776,Amanda,Latvala
10777,Todd,Nelson
10778,Leo,Thomas
10779,Soraia,Lima
10780,Juanita,Mills
10781,Marjan,Jaeger
10782,Anneke,Wenzel
10783,John,Soto
10784,Angelo,Brun
10785,Phyllis,Dunn
10786,Sofie,Rasmussen
10787,Keith,Mitchelle
10788,Fatma,Mertoğlu
10789,Kay,Renard
10790,Maxime,Lavigne
10791,Livia,Charles
10792,Meral,Ağaoğlu
10794,Jayden,Cooper
10795,Felix,Watson
10796,Kasper,Neva
10797,حسین,سهيلي راد
10798,Milenka,Stinissen
10799,Robert,Fisher
10800,Madate,Lima
10801,Adam,Johansen
10802,Jennifer,Davidson
10803,Benjamin,Brown
10804,Aino,Pakkala
10805,Tracy,Jacobs
10806,Latife,Çörekçi
10807,Nichlas,Søreng
10808,Matthew,Ginnish
10809,Anke,Kosman
10810,Rose-Marie,Friesen
10811,Gerry,Miles
10812,Adriaantje,Reimink
10813,Esperanza,Ruiz
10814,Ayşe,Tazegül
10815,Ege,Kasapoğlu
10816,Eemil,Koski
10817,Alexis,Wilson
10818,Austin,Cooper
10819,Othmar,Simon
10820,Deniz,Tunaboylu
10821,Aylin,Espe
10823,Vivaldo,Santos
10824,Paola,Leclercq
10825,Ellen,Kivi
10826,Birthe,Meiners
10827,Eduardo,Molina
10828,رضا,قاسمی
10829,Pawel,Prüfer
10830,Lisa,Wagner
10831,آرتين,احمدی
10832,Emilie,Pedersen
10833,Enes,Riviere
10834,Lewis,Caldwell
10835,Giordano,Kappers
10836,Remo,Kusch
10837,Ubirani,Fogaça
10838,Lily,Burns
10839,George,Davies
10840,Bruce,Fowler
10841,Arijus,Muri
10842,Eline,Langøy
10843,Hendricus,Stark
10844,Matéo,Roger
10845,Laurie,Liu
10846,Plácido,Dias
10847,Aurélien,Brunet
10848,Dália,Nunes
10849,Chester,Hughes
10850,Johan,Martinez
10851,Dorothe,Kalinowski
10852,Eugenio,Lopez
10853,Pernille,Ingebrigtsen
10854,Levi,Bruins Slot
10855,Karl,Miles
10856,Tino,Perrin
10857,Lucas,Hubert
10858,Vanessa,Ferguson
10861,Bernardus,Lekkerkerker
10862,Eric,Cruz
10863,Jorge,Rice
10864,Ella,Reynolds
10865,Aiden,Brown
10866,Hector,Moreau
10867,Carolyn,Grant
10868,Jimi,Peura
10870,یاسمن,سهيلي راد
10871,Catherine,Sullivan
10872,Barry,Jackson
10873,Emilie,Chow
10874,Eelis,Salmela
10875,Angelie,Van Weenen
10877,Jasper,Hall
10878,یاسمین,نجاتی
10879,Irina,Oliveira
10880,Sergei,Kunath
10881,Murat,Bolatlı
10882,Elisa,Gutierrez
10883,Owen,Grewal
10884,Kevin,Peterson
10886,بیتا,حیدری
10887,Max,Natvig
10888,Phyllis,Mckinney
10889,Abdou,Veen
10890,Kläre,Michaelis
10891,Lori,Fields
10892,Dick,Hicks
10893,Zahra,Kåsa
10894,Maxime,Jean-Baptiste
10895,Eeli,Maunu
10896,Téo,Roche
10897,Sepp,Karl
10898,Séverine,Lacroix
10899,Elif,Özberk
10900,Amanda,Marshall
10901,Aida,Tørstad
10902,Jeanette,Leclercq
10903,Jaqueline,Polzin
10905,Silvane,Rodrigues
10906,Eleonora,Hjelvik
10907,Amanda,Korpela
10908,Beer,Schmeitz
10909,Kaitlin,Washington
10910,Leanne,Martin
10911,Monica,Henry
10912,Patric,Pierre
10913,Lois,Bates
10914,Necmettin,Duchateau
10915,Ian,Sanders
10916,Anina,Da Silva
10917,Fatih,Tekand
10918,Charlotte,Jackson
10919,Sophia,Thomas
10920,Corentin,Charles
10921,Yvonne,Roux
10922,Sigrid,Mai
10923,Eduardo,Jones
10924,Nolan,Fleury
10925,Ashton,Lewis
10926,Lucas,Wong
10927,Ella,Makela
10928,Cameron,Wilson
10929,Jaroslaw,Reinicke
10930,Walter,Harvey
10931,Mehmet,Berberoğlu
10934,Teodoro,Ribeiro
10935,Elin,Robin
10936,Kuzey,Keseroğlu
10937,Lloyd,Day
10938,Batur,Sinanoğlu
10939,Dorith,Den Hartogh
10940,Macit,Beşerler
10941,دینا,کامروا
10942,Ava,Meyer
10943,Mackenzie,Jackson
10944,Wayne,Howell
10945,Oya,Kocabıyık
10946,مهرسا,قاسمی
10947,Salvador,Navarro
10948,Okan,Kavaklıoğlu
10949,Sanna,Hjelde
10950,Manus,Jongejans
10951,Thea,Weigel
10952,Judith,Kennedy
10953,Isaltino,Moraes
10954,Olivia,Eskola
10955,Cesar,Ferrer
10956,Ihsane,Wiggers
10957,Harper,Jones
10958,Lester,Hamilton
10959,Niilo,Seppala
10960,Eldar,Tiller
10961,Jim,Weaver
10962,Craig,Ortiz
10963,Ayaan,Melvold
10964,Maelya,Duval
10966,Elly,Greger
10967,Liam,Fleury
10968,Yasmin,Fernandez
10969,Rita,Schmidbauer
10970,پرنیا,حسینی
10971,Karla,Larsen
10972,Thomas,Mitchell
10973,Troy,Barrett
10974,ماهان,علیزاده
10975,Uilke,Goudriaan
10976,Vicenta,Cano
10977,Levi,Girard
10978,پرنیا,موسوی
10979,Corinta,Nunes
10980,Tonya,Austin
10981,Jessica,Mitchell
10982,Isla,Aalto
10983,Andrzej,Vollrath
10984,Malik,Tveten
10985,Evelyni,da Mata
10986,Eemil,Kalas
10987,Reinhilde,Kästner
10988,Clara,Jørgensen
10989,Neurani,da Cunha
10990,Antonina,Biehl
10991,Anatole,Rousseau
10992,Niklas,Maki
10993,Vanessa,Ross
10994,Jill,Mendoza
10995,Brian,da Luz
10996,Peppi,Saarela
10997,Ivan,Parra
10998,Patrik,Salberg
10999,Elísia,Moraes
11000,Matteo,Garcia
11001,Eemil,Kantola
11002,Gerdi,Emde
11003,Jessica,Børseth
11004,Alberto,Iglesias
11005,Katrin,Köllner
11006,Kathleen,Simmons
11007,Zeferino,Novaes
11008,Zoe,Evans
11010,Elena,Ek
11011,Omid,Van der Venne
11012,Laurindo,Duarte
11013,Bete,Nascimento
11014,Jennie,Mendoza
11015,Wyatt,James
11017,Ege,Balcı
11018,Kim,Austin
11019,Barry,Tuncer
11020,Martyna,Bendiksen
11021,Barış,Oraloğlu
11022,Silke,Ebert
11023,Guy,Black
11024,Lucas Or Luke,Moore
11025,Eemil,Heikkinen
11026,آرتين,کامروا
11028,Rachel,Day
11029,Margrethe,Nygren
11030,Lea,Sørensen
11031,Ina,Breier
11032,Tomas,Berger
11033,Oya,Yıldızoğlu
11034,Morgane,Rey
11035,Pauline,Joly
11036,Elias,Ahonen
11037,Storm,Pedersen
11038,Alexandra,Singh
11039,Fatima,Ferrer
11040,بهار,یاسمی
11041,Claudine,Mendes
11042,Mikael,Peura
11044,Adèle,Petit
11045,Avery,Roy
11047,Jimmy,May
11048,Aiden,Patel
11049,Aubrey,Diaz
11050,Willibert,Scharf
11051,Ryan,Roche
11052,June,Wright
11053,Franca,Chung
11054,Zachary,Edwards
11055,Stilla,Langhammer
11056,Canto,Barbosa
11057,Vilho,Kotila
11059,Allie,Adams
11060,Warsame,Maria
11062,Sofus,Utheim
11063,Marie,Stensen
11064,Amanda,Pulkkinen
11065,Sadie,Davies
11066,Anthony,Rey
11067,Liselotte,Caron
11068,Peetu,Tanner
11069,Theodore,Hughes
11070,Augusto,Adam
11071,Eemil,Hannula
11072,Amanda,Collins
11073,Maya,Lavoie
11074,Arben,Giraud
11075,Tinus,Fung
11076,Ryan,Claire
11077,Evie,Zhang
11078,Cherly,Dixon
11079,Emily,Ranheim
11080,Lucile,Carpentier
11081,Emma,Lampo
11082,Mireille,Van Sinderen
11083,August,Beukhof
11084,Adolfine,Ammon
11085,Richard,Reinke
11086,Isla,Peura
11087,Caroline,Burns
11088,Aubree,Bouchard
11089,Giada,Masson
11090,Elya,Lambert
11091,Mijo,Hetzel
11092,Katrine,Kristensen
11093,Solène,Mercier
11095,Asbjørn,Flaaten
11096,نیایش,علیزاده
11097,Sedef,Solmaz
11098,Harriet,Lewis
11099,Bertha,Mills
11100,Gema,Benitez
11101,Viviane,de Souza
11102,Aaron,Gerard
11103,Villemo,Stavland
11104,Laly,Bernard
11105,Bettina,Korsnes
11106,Katie,Wang
11107,Florent,Gaillard
11108,Salvador,Sales
11109,Vincent,Clarke
11110,Roger,Lee
11111,Chiara,Laurent
11112,Dan,Perkins
11113,Melissa,Sanchez
11114,Eda,da Rocha
11115,Amalie,Kristensen
11116,Sofia,Nielsen
11117,Mike,Giraud
11118,Kuzey,Akman
11119,Heitor,Almeida
11120,Maia,Walker
11121,Taylor,Stanley
11122,Lester,Harper
11123,Niilo,Manni
11124,Nick,Harvey
11125,Bernard,Spencer
11126,Landon,Allen
11127,Stephano,Van Gemeren
11128,Marcus,Johansen
11129,Alvilde,Schulz
11130,Burhan,Ros
11131,Sheryl,Fuller
11132,Connie,Carroll
11133,Zoran,Morin
11134,Cornelia,Kittelsen
11135,مهرسا,رضاییان
11136,Isobel,Smith
11137,Ida,Harrison
11138,Lauri,Lampi
11139,Anja,Richard
11140,Luz,Ortiz
11141,Bella,Robinson
11142,Orlando,Lemaire
11144,رادین,قاسمی
11145,Rosalyn,Simmmons
11146,Debbie,Harvey
11147,Alex,Blanco
11148,Minnie,Grant
11149,Astrid,Nagy
11150,Delphine,Durand
11151,Jesualdo,Santos
11152,Livia,Olivier
11153,Gül,Keçeci
11154,Oya,Yetkiner
11155,Sharlene,Hopkins
11156,Salvador,Arnold
11157,Elmer,Byrd
11158,Imraan,Koerhuis
11160,Jamie,Mccoy
11161,Noah,Austin
11163,Jose,Newman
11164,Charlie,Wright
11165,Volkhard,Kühnert
11166,Wael,Hoofs
11167,Cathy,Rodriquez
11168,Emir,Eidsvåg
11169,Liana,Schild
11170,Hunter,Novak
11171,Marceau,David
11172,Tobias,Poulsen
11173,Arnold,Harris
11174,پارمیس,کامروا
11176,Ingelore,Tonn
11177,Alice,Lopez
11178,Samuel,Kokko
11179,Pat,Daniels
11180,Dylan,Murphy
11181,Darren,Cook
11182,Lyna,Gautier
11183,Elisabeth,Michel
11184,Carla,Simmmons
11185,August,Møller
11186,Benito,Gallardo
11187,Josefine,Nielsen
11188,Benjamin,Andersen
11189,Ida,Nielsen
11190,Oskar,David
11191,Ashton,Chen
11192,Gabija,Blomberg
11193,Nolhan,Lambert
11194,Isla,Heikkinen
11195,Mohamed,Köppl
11196,Geoff,Harvey
11197,Xiomara,Cardoso
11198,Clyde,Palmer
11199,Evelyn,Chen
11200,Eduard,Finke
11201,Nélio,da Luz
11202,Isaac,Vega
11203,Isla,Niskanen
11204,Victoria,Castillo
11205,Annika,Thome
11206,Kreszenz,Haack
11207,پریا,کریمی
11208,Johanna,Garcia
11209,Jeanette,Elliott
11210,Ernesto,Bravo
11211,Ashwan,Van der Mei
11212,Derek,Gibson
11213,Elenore,Messerschmidt
11214,Lynn,Long
11215,Roope,Rinne
11216,Normano,Gonçalves
11217,Kian,De Pijper
11218,Emmi,Jobst
11219,Vilma,Kivela
11220,Gabrielle,Malmo
11221,Helmut,Marie
11222,Olivia,Lévesque
11223,Constâncio,Ribeiro
11224,Lumi,Wirta
11226,Isla,Lampo
11227,Bertha,Brun
11228,Jesse,Brewer
11229,Sundus,Popma
11230,Ary,Lopes
11231,Gracielen,Mendes
11232,Jaxon,Lee
11233,Cohen,Hughes
11234,Juan,Payne
11235,Ryan,Vidal
11236,Lindsey,Koopmans
11237,Dietlind,Weide
11238,Julius,Walli
11239,Tracey,Sutton
11240,Clara,Møller
11241,Reinhild,Mehlhorn
11243,Robert,Hill
11244,Karen,Taylor
11245,تارا,کوتی
11246,Okan,Ayverdi
11247,Nicky,Chapman
11248,Matty,Bergers
11249,Alexis,Bergeron
11250,Kassiane,de Souza
11251,Hudson,Novak
11252,Thomas,Dupuis
11253,Minttu,Laitinen
11254,Selma,Jensen
11255,Leah,Russell
11256,Hannes,Schönherr
11257,Matias,Kalm
11258,Miriã,Freitas
11259,Maria,Malm
11260,Fatma,Yıldızoğlu
11262,Anthony,Roy
11263,Evelyne,Roos
11264,Rosalia,Gerard
11265,کیانا,كامياران
11266,Ismail,Østerhus
11267,Bertram,Johansen
11268,محیا,رضایی
11270,Loke,Bjørnå
11271,Olivia,Jensen
11272,Maelya,Olivier
11273,کیانا,زارعی
11274,Sophia,Simmons
11275,Wyatt,Taylor
11276,Matilda,Haapala
11277,Leonardo,Gylland
11278,Titouan,Renaud
11279,Viktor,Rank
11280,Francinéia,Farias
11281,Barbara,Soto
11282,Sarah,Girard
11283,Amanda,Diaz
11284,Aidan,Jones
11285,Anaizi,Nunes
11286,Patrizia,Duarte
11287,Charlotte,Harris
11288,Jaouad,Dobbelsteen
11289,Isabel,Walker
11290,Avery,French
11291,Freja,Jensen
11292,Henry,De Gast
11294,Eli,Holt
11296,Tilde,Poulsen
11297,German,Blanco
11298,Morris,Holland
11299,Arthur,Lo
11300,Holly,Willis
11301,Lena,Lopez
11302,Andrea,James
11303,Bill,Stephens
11304,Agnes,da Costa
11305,Olinto,Farias
11306,Tyler,Roberts
11307,Synnøve,Eikås
11308,Lea,Jean-Baptiste
11309,Marie,Thomsen
11310,Soan,Menard
11311,Ellie,Carlson
11312,Howard,Spencer
11313,Carl,Mortensen
11314,Diego,Erga
11315,Rose,Taylor
11316,Aune,Lona
11317,Nassim,Schilperoord
11318,Eivind,Løvseth
11319,Ris,Pires
11320,Brent,Tucker
11321,Rosa,Wendland
11322,Kerim,Çevik
11323,Keira,Brown
11324,Sherry,Mason
11325,Line,Giraud
11326,Benjamin,Møller
11327,Troy,Howell
11328,Beau,Jackson
11329,Vilho,Koivisto
11330,Apostolos,Pagel
11331,Teresa,Fowler
11332,پارمیس,نكو نظر
11333,Giuseppe,Michel
11334,Cathy,Phillips
11335,Marilou,Bouchard
11336,Emilie,Li
11337,Samuel,Pinto
11338,Daisy,Hernandez
11339,Darrell,Dean
11340,Ceyhun,Fahri
11341,Umut,Kasapoğlu
11342,Ceriel,Peeters
11343,Donald,Jenkins
11344,Elmer,Carlson
11345,Louis,Denys
11346,Ella,Gill
11347,Dominique,Mercier
11348,Jacqueline,Holmes
11349,Courtney,Cox
11350,Emma,Lammi
11352,Estelle,Colin
11353,Enora,Charles
11354,Nicolai,Limbach
11355,Marilice,da Cruz
11356,Ryder,Williams
11357,Marion,Giraud
11358,Virginie,Lefebvre
11359,Alfredo,Campos
11360,Hedda,Houwer
11361,Madelen,Norum
11362,Çetin,Akbulut
11363,Jiri,Manske
11364,Ladina,Muller
11365,Donald,Ruiz
11367,Ruby,Hart
11368,Reinhilde,Wohlgemuth
11369,Elli,Justi
11370,Jamie,Cox
11371,Liam,Robinson
11372,Lidório,Martins
11373,Duane,Austin
11374,Nada,Louis
11375,Lynn,Van Zutphen
11377,Cíntia,Ramos
11378,Luize,da Costa
11379,Gabrielle,Ma
11380,Dominique,Hubert
11381,Sofia,Andersen
11382,Viljami,Koski
11383,Megan,Ma
11384,Kenan,Zapf
11385,Astrid,Mortensen
11387,Pablo,Lopez
11388,Louka,Philippe
11389,Karlheinz,Kühne
11390,Mestan,Gönültaş
11391,Jacob,Robinson
11392,Natálio,Aragão
11393,Eino,Lahti
11394,شایان,قاسمی
11395,Daniel,Caballero
11396,Vernon,Ward
11398,Madeleine,Martin
11399,Claude,Gonzalez
11400,Bella,Allen
11401,Lotta,Karvonen
11402,Valtteri,Arola
11403,Emilio,Rubio
11404,سوگند,رضایی
11405,Eemil,Halonen
11406,آرمین,حسینی
11407,Vincent,Taylor
11408,Emily,Førland
11409,Bella,Lambert
11410,Melodie,Gill
11411,Daniela,Vidal
11412,Rosa,Larsen
11413,Deniz,Van Opzeeland
11414,بهاره,کامروا
11415,Anni,Ketola
11416,کیمیا,یاسمی
11417,Gottlob,Lück
11418,Jar,Byrd
11419,Marc,Nelson
11420,Thomas,Lawrence
11421,Russell,Castillo
11422,Arthur,Black
11423,Minea,Karjala
11424,Julio,Rodriguez
11425,Brent,Robertson
11426,Asta,Thomsen
11427,Elias,Madsen
11428,Laurenz,List
11430,Diether,Duwe
11431,Endre,Zhang
11432,آرش,یاسمی
11433,Murat,Günday
11434,Jacobien,Martina
11436,Julien,Mathieu
11437,Emanuele,Louis
11438,Jimmie,Reynolds
11439,Hudson,Gagné
11440,Alaíde,da Mata
11441,Roberto,Martin
11442,Mestan,Hamzaoğlu
11444,Ceyhun,Babacan
11445,Veera,Huotari
11446,Victor,Miller
11447,Henry,Campbell
11448,Marvin,Rodriquez
11449,Lauren,Welch
11450,Esma,Kasapoğlu
11451,Armand,Barbier
11452,Esteban,Suarez
11453,Enes,Caron
11454,Roos,Beverdam
11455,Mustafa,Köybaşı
11456,Elli,Hamalainen
11458,Benjamin,Mills
11459,Adrian,Russell
11460,Ayub,Slettebø
11461,Gema,Delgado
11462,Frederik,Madsen
11463,Kenzo,Chevalier
11464,الینا,حسینی
11465,Minttu,Kallio
11467,Arsénio,Gomes
11468,Richard,Solhaug
11469,Lindaura,Araújo
11470,Susanne,Gregory
11471,Jordan,George
11472,Benjamin,Kleine
11473,Marin,Gonzalez
11474,Wyatt,Peters
11475,Rogélio,Castro
11476,Hector,Moreno
11477,Braxton,Williams
11478,Luca,Welle
11479,Cameron,Patel
11481,Viivi,Leppanen
11482,Pamela,Larson
11484,Julia,Mitchell
11485,Angelo,Clement
11486,Cathriona,Robertson
11487,Amanda,Jimenez
11488,Vedat,Özbir
11489,Julie,Sanchez
11490,میلاد,موسوی
11492,Tage,Eklund
11494,Adina,Lopes
11495,Emilio,Leroy
11496,Diana,Crawford
11497,Joseph,Webb
11498,Felix,Howard
11499,Leonard,Diaz
11500,Oscar,Vicente
11501,Kim,Lausund
11502,Caroline,Christensen
11503,Teodemiro,da Paz
11504,George,Moore
11505,Beth,George
11506,Castor,Lima
11507,Karl,Carpenter
11508,Siddártha,Mendes
11509,German,Bravo
11510,Ansgar,Wiese
11511,Karl-Heinz,Stapf
11512,Janet,Oliver
11513,Cecilie,Andersen
11514,Alarico,Sales
11515,Lucas,Poulsen
11516,Ali,Keçeci
11517,Fatih,Saygıner
11518,Asta,Andersen
11519,Aslihan,Van de Streek
11520,Léon,Picard
11521,Lucy,Vincent
11522,Mattias,Spronk
11523,Filipo,Costa
11524,Victor,Macdonald
11525,Oliver,Madsen
11526,Izzie,Nguyen
11527,Jen,Price
11528,Iina,Aho
11529,Izzie,Murray
11530,Jutta,Litjens
11531,Brooke,Hunter
11532,Maya,Thompson
11533,Jeremy,Perry
11534,Diane,Kim
11535,Noah,Patel
11536,Julia,Walker
11537,Kelly,Miles
11538,Bértil,Ferreira
11539,Olivia,Chen
11543,Jesus,Jones
11544,Kenji,Bhaggoe
11545,Kaya,Elçiboğa
11546,Meghan,Stevens
11547,Zeger,Schaap
11548,Milana,Tronrud
11549,Eetu,Luoma
11550,Leo,Williams
11551,محمدپارسا,سهيلي راد
11552,Jonas,Engeland
11553,Matias,Moilanen
11554,Mathis,Patel
11555,Gema,Lozano
11556,Juho,Wirtanen
11557,Arturo,Crespo
11558,Latife,Ekşioğlu
11559,Catherine,Gonzalez
11560,Eva,Chan
11561,Kate,Ford
11562,Nixon,Lewis
11563,Lara,Dagestad
11564,Rowen,Burgmans
11565,Emily,Larsen
11567,Lucia,Vargas
11568,Kevin,Hart
11569,Kasimir,Rombach
11570,Rianne,Breur
11571,Austin,Harrison
11572,Anjuli,Theunis
11573,Erin,Gilbert
11574,Gina,Henriksen
11575,Katherina,Leinweber
11576,Gladys,May
11577,Daniel,Olsen
11578,Emma,Olsen
11579,Dylan,Leclercq
11580,Diego,Vistnes
11581,Charlie,Williams
11582,Karsten,Wroldsen
11583,Manuela,Blanco
11584,Sander,Møller
11585,Wendy,Hicks
11586,David,Roberts
11587,Ömür,Erbay
11588,Jean-Luc,Andre
11589,Nieves,Flores
11590,Jerry,Harrison
11591,Richard,Lowe
11592,Katie,Mccoy
11593,Jansje,Boekestijn
11594,Keira,Taylor
11595,Louane,Joly
11596,Estelle,Leclerc
11597,Hennie,Vikane
11598,Brittany,Johnston
11599,Nalan,Tanrıkulu
11600,Ramzy,Saris
11601,Rachel,Wood
11602,Stanley,Holmes
11603,Tyler,Kelley
11604,Ahlam,Kjos
11605,Elif,Gönültaş
11606,Mestan,Elmastaşoğlu
11607,Lumi,Waisanen
11608,Kent,Cox
11610,Villads,Nielsen
11611,Montserrat,Marquez
11612,Aurora,Fernandez
11613,Elisa,Eckhoff
11614,Barb,Garrett
11615,Liam,Curtis
11616,Jimi,Erkkila
11617,Önal,Erez
11618,Ryan,Nguyen
11619,اميرمحمد,موسوی
11620,Charles,Jones
11621,Izzie,Crawford
11622,Lucie,Bernard
11623,Ruby,Hall
11624,Marcus,Møller
11625,Ülkü,Akşit
11626,Willie,Ryan
11627,Vincenzo,Bogner
11628,Malene,Moltu
11629,Didaco,Fernandes
11630,Emy,Dupont
11631,Grace,Stewart
11632,Brigitte,Nußbaum
11633,Roger,Dupuis
11634,Saulo,Santos
11635,Nevaeh,Thomas
11636,Victor,Larsen
11637,Phoebe,Li
11638,Terry,Holt
11639,Clara,Gill
11640,Jaxon,Kumar
11642,Saga,Holthe
11643,Caitlin,King
11644,Timeo,Perrin
11645,Flavie,Menard
11647,Catherine,Turner
11649,Elliot,Lo
11650,Caroline,Gibson
11651,Emilia,Pohl
11652,Sebastian,Mollestad
11653,Federica,Robert
11654,Jeremy,Miller
11655,Domenico,Vincent
11656,Edinalva,Pereira
11657,Rosario,Kerklaan
11658,بردیا,رضاییان
11659,Zachary,Gagnon
11660,Vilho,Keto
11661,Becky,Neal
11662,Julio,Sanz
11663,Adam,Williams
11664,Jeremiah,Lee
11665,Steven,Erbe
11667,Rick,Palmer
11668,Phoenix,Kumar
11669,Harrison,Edwards
11670,مهدیس,کامروا
11671,Ris,Mendes
11672,Gertrude,Oliver
11673,Pat,Weaver
11674,Ilona,Vidal
11675,آرمین,موسوی
11676,Keith,Diaz
11677,آرمین,رضاییان
11678,Marco,Molina
11679,Mary,Brady
11680,Jordan,Martin
11681,Olander,Stavenes
11682,Harry,Kumar
11683,Noah,Fagermo
11684,Indie,Jackson
11685,Luca,Da Silva
11686,Edward,Knight
11687,Elif,Berberoğlu
11688,Brandy,Washington
11689,Sieme,Ros
11691,Olivia,Madsen
11692,یاسمن,زارعی
11693,Baldur,Theobald
11694,Giulia,Bertrand
11695,James,Liu
11696,Annette,Simon
11697,Nelli,Nurmi
11698,عرشيا,صدر
11699,Yessica,Niezen
11700,Malthe,Larsen
11701,Maël,Dumas
11702,Carter,Smith
11703,Pâmela,Caldeira
11704,Zander,Byrd
11705,Thea,Thomsen
11706,Agathe,Moreau
11707,Logan,Walker
11708,Martin,Williams
11709,Mikkel,Poulsen
11710,Leyla,Hordvik
11711,Jeremiah,Newman
11712,Khadija,Hagelund
11714,Josefina,Iglesias
11715,Julius,Leppanen
11716,Zoe,Moore
11717,یلدا,رضایی
11718,Ella,Christensen
11720,Fridolin,Robert
11721,Troy,Bailey
11722,Kirk,Pierce
11723,Lucia,Fehr
11724,Vitório,Nunes
11725,Timóteo,da Luz
11726,Rosa,Mitchell
11727,Harper,Gagnon
11728,Susanne,Boyer
11729,Frøydis,Rein
11730,Graciliano,Farias
11731,Tracy,Morgan
11732,Gilles,Rey
11733,Patricia,Suarez
11734,Melanie,Boyd
11735,Ryder,Clark
11736,Celina,Barbier
11737,Lidia,Diez
11738,Kadir,Taşçı
11739,Oscar,Miles
11740,Primitivo,Costa
11741,Julius,Nikula
11742,Soledad,Sanz
11743,Hedwig,Le Gall
11744,Ferdinando,Porto
11745,Daniel,Salmela
11747,Alice,Walker
11748,Jeremy,Ambrose
11749,Blake,Bates
11750,Julianne,Sevaldsen
11751,Emile,Bélanger
11752,سپهر,سهيلي راد
11753,Edward,Hegland
11754,Grace,Johnson
11755,Zoe,Pena
11756,Daniel,Li
11757,Kaya,Özkök
11758,Antoine,Jones
11759,Zachary,Washington
11760,Clara,Christensen
11761,Pinja,Seppala
11762,Marcelino,da Mota
11763,Aurélien,Lefebvre
11764,فاطمه,زارعی
11765,Ronnie,Howell
11766,Henryk,Melzer
11767,Estelle,Brunet
11768,Ivan,Velasco
11769,Monika,Penner
11770,Babür,Tunçeri
11771,Alisa,Fournier
11772,Tristan,Olsen
11773,Erin,Hoffman
11774,Ava,Pearson
11775,Capucine,Marchand
11776,Keely,Van den Brandhof
11777,Lumi,Lahti
11778,Andrea,Thomas
11779,Toivo,Haapala
11780,Nikolaj,Risch
11781,Angus,Robinson
11782,Philip,Gill
11783,Katie,Martin
11784,James,Martin
11785,Encarnacion,Muñoz
11786,Luka,Doan
11788,Tony,Chapman
11789,Susanna,Shaw
11790,Babür,Körmükçü
11791,Alexandra,Schroer
11792,Rasmus,Lassila
11793,Florence,Jones
11794,Sara,Oja
11796,Buse,Tuğluk
11797,Joseph,Williams
11798,Joshua,Johnson
11799,Jorge,Lorenzo
11800,Edzard,Van Hal
11801,Nicklas,Rasmussen
11802,Isabella,Lavigne
11803,Oscar,Rogers
11804,Mads,Engelstad
11805,Aiden,Watkins
11806,Francis,Carroll
11807,Ian,Hauser
11808,Noélie,Richard
11810,Francisco,Pascual
11811,Michel,Rousseau
11812,Luciano,Schmitt
11813,Mattias,Opsahl
11814,Consuelo,Alonso
11815,Milan,Rüther
11816,Óscar,Barros
11817,Okan,Kumcuoğlu
11818,Helen,Leroux
11819,Samuel,Novak
11820,Gualter,Costa
11821,Lola,Long
11822,Alfred,Barnes
11823,Jo,Garcia
11824,Emmie,Girard
11825,Theodor,Van Roekel
11826,Angela,Bates
11827,Mikael,Bakker
11828,رها,مرادی
11829,Sam,Perry
11830,Annerose,Kraft
11831,Benício,Moraes
11832,Giuseppina,Moulin
11833,یاسمن,یاسمی
11834,Joaquin,Calvo
11835,Theo,Brown
11836,Shara,Van Wolferen
11837,آرتين,کریمی
11838,Mehmet,Küçükler
11839,Adosindo,Nogueira
11840,Xavier,Morin
11841,Necati,Akgül
11843,Luca,Jones
11844,Alejandra,Gimenez
11845,Lauren,Campos
11846,Paige,Parker
11847,Sidra,Tømmerås
11848,Clémentine,Rey
11849,Shayenna,Opstal
11850,ستایش,حسینی
11851,Nihal,Tüzün
11852,Madison,Fisher
11853,Mike,Bates
11854,Faustine,Lecomte
11855,Alexandre,Nogueira
11856,Charlotte,Jean-Baptiste
11857,Eli,Morris
11858,Katherine,Gordon
11859,Paige,Johnson
11860,Jamy,Vernooij
11862,Nathaniel,Turner
11863,Jules,Schuiten
11864,Anton,Pedersen
11865,Daniel,Møller
11866,Chiara,Adam
11867,Rémy,Lefebvre
11868,Rosaline,Zoeteweij
11869,Shannon,Wells
11870,Mason,Wood
11871,Ivar,Folland
11872,Liam,Shaw
11873,Kaitlin,Moore
11874,Léccio,Barros
11875,Clarence,Byrd
11876,Sophia,Ouellet
11877,Cindy,Jackson
11878,Gül,Eronat
11879,سوگند,علیزاده
11880,Yann,Leroy
11881,Ricarda,Suhr
11882,Zoe,Arnold
11883,Sonia,Williamson
11884,Nils,Backe
11885,Koray,Akyüz
11886,Lola,Hubert
11887,Elli,Koskela
11888,آرش,احمدی
11889,Yara,Nicolaisen
11890,Noé,Deschamps
11891,Nanna,Larsen
11892,Elya,Roussel
11893,Charlie,Philippe
11894,Jurrien,Raap
11895,Letitia,Bishop
11896,Florentijn,Ulrich
11897,Bernardo,Aragão
11898,Herbert,Berry
11899,Tomas,Hernandez
11900,Charlotte,Turner
11901,Aguinaldo,da Rosa
11902,Beata,Fleischhauer
11903,تینا,مرادی
11904,Kevin,Kelley
11905,Franklin,Gonzalez
11906,Norma,Alves
11907,Virgill,Van Beekveld
11908,Danish,Verhoog
11909,Mary,Palmer
11910,Jim,Lewis
11911,Afşar,Adıvar
11912,Mathis,Ross
11914,Arquibaldo,Freitas
11915,Fatih,Ertepınar
11916,Berna,Rijnbeek
11917,Mina,Kvamme
11918,Donna,Williams
11919,Layla,Silva
11920,Kurt,Carter
11921,Esma,Avan
11922,Jared,Matthews
11923,Danny,Jackson
11924,کیانا,پارسا
11925,Eetu,Karvonen
11926,Topias,Karjala
11927,Noë,Hanemaaijer
11928,Carl,Petersen
11930,Albane,Bertrand
11931,Hilla,Sakala
11932,Alois,Muller
11933,Ege,Aydan
11934,Milja,Kuusisto
11935,Hector,Hubert
11936,Topias,Hannula
11937,Elaine,Seinen
11938,Chad,Fletcher
11939,Abigail,Rice
11940,Regine,Stolte
11941,Vildan,Pektemek
11942,Erik,Eik
11943,Stanley,Cunningham
11944,Larry,Stone
11945,Nicole,Hawkins
11946,Toivo,Heinonen
11947,Johan,Hansen
11948,Keira,Edwards
11949,Ümmühan,Olij
11950,Elouan,Vincent
11951,Thaïs,Noel
11952,Roselei,da Costa
11953,Salete,Almeida
11954,Tiffany,Mathieu
11955,Hudson,Gill
11956,آرمیتا,نجاتی
11957,Elijah,Cooper
11958,Bloeme,Hemelaar
11959,Becky,Butler
11960,Ava,Ray
11961,Ryan,Bjørgan
11962,Latife,Yazıcı
11963,Elaine,Spencer
11964,Mestan,Saygıner
11965,Jerry,Bradley
11966,سارینا,قاسمی
11967,Jayden,Nyland
11968,Birk,Sandnes
11969,Elijah,Thomas
11970,Millie,Thomas
11971,Joel,Laine
11972,Callum,Fox
11973,Katie,Cook
11974,Edgar,Masson
11975,Lohan,Rey
11976,Javier,Woods
11977,Gerridina,Nabuurs
11978,Alex,Bell
11979,Aya,Hay
11980,Agnieszka,Guerin
11981,Rosalina,Ferreira
11982,Elinor,Alnes
11983,Lourdes,Fuentes
11984,Eva,Martin
11985,محیا,گلشن
11986,Fatih,Çankaya
11987,Fatima,Rodriguez
11988,Patrizia,Guerin
11991,Juliette,Abraham
11992,Fúlvio,da Conceição
11993,Randall,Berry
11994,Theodore,Nelson
11995,Edmond,Garnier
11996,Jar,Mason
11997,Brede,Lyngvær
11998,Clémence,Perez
11999,Sofia,Johnson
12000,Mirella,Le Gall
12001,Marianne,Lavigne
12002,Jesse,Simmons
12003,Inès,Arnaud
12004,Sebastian,White
12005,Philip,Jensen
12006,Vivan,Scott
12007,Dylan,Ginnish
12008,Rinesh,Groenhuijzen
12010,Jenny,Lane
12011,Zoey,Ray
12013,Özsu,Çamdalı
12014,Angelika,Schlüter
12015,Lonnie,Thompson
12016,آیلین,موسوی
12017,Lia,Roussel
12018,Joseph,Hall
12019,Iker,Cortes
12020,Jann,Müller
12021,Raul,Harper
12022,Tomas,Campos
12023,Özkan,Bademci
12024,Ayla,Robinson
12025,Marilete,Melo
12026,Maran,Duijster
12027,Blake,Chow
12028,Adam,Pedersen
12030,Julia,Jarvi
12031,Daniel,Elo
12032,Enni,Neva
12033,Coşkun,Oraloğlu
12034,Emeline,da Conceição
12035,Necati,Koçoğlu
12036,Meera,Zee
12037,Norma,Vasquez
12038,Çetin,Durmaz
12039,Martin,Gerard
12040,Nasser,Moura
12041,Rodrigo,Parra
12042,آیلین,زارعی
12043,Carter,Kumar
12044,Kenan,Alpuğan
12045,Daniel,Hall
12046,Brooke,Howell
12047,Karlfried,Höppner
12048,Judy,Knight
12049,Elizabeth,Payne
12050,Angelina,Østbye
12051,Janusz,Abt
12052,Penny,Robertson
12053,Eddie,Coleman
12054,Phillip,Holmes
12055,Florence,Hill
12056,Jason,Wheeler
12057,Niilo,Lassila
12058,Heather,Fuller
12059,Juliette,Lo
12060,Rhonda,Nelson
12061,Kathleen,Turner
12062,Xavier,Blanco
12063,آرمیتا,قاسمی
12064,Trygve,Skjerve
12065,Julianne,Nymoen
12066,Duane,Mitchell
12068,Milad,Schuilenburg
12069,Megan,Pelletier
12070,Elli,Leinonen
12071,Naomi,Leclercq
12072,امیر,نكو نظر
12073,Victor,Lavigne
12074,Lily,Kumar
12075,Sophie,Thompson
12076,Elias,Maunu
12077,Umut,Egeli
12078,Dietrich,Helmer
12079,Mariko,Nogueira
12080,Caroline,Pedersen
12081,Ubaldo,Carvalho
12082,Sue,Ellis
12083,Caitlin,Payne
12084,Emmanuelle,Richard
12085,Andres,Ortega
12086,Eleanor,Rhodes
12087,Arturo,Serrano
12088,Filippa,Olsen
12089,Davut,Baykam
12090,Tomothy,Wagner
12091,Ayşe,Yıldırım
12092,Noam,Fleury
12093,Romain,Le Gall
12094,Aart-Jan,Warringa
12095,Barış,Menemencioğlu
12096,Regina,Leclercq
12097,Ankie,Dalhuisen
12098,Jimi,Heino
12100,Maëly,Marie
12101,Justin,Moreau
12102,Sofie,Madsen
12103,Madison,Andersen
12104,Christian,Ibañez
12105,Ava,Mackay
12106,آدرینا,كامياران
12107,Amelie,Østhus
12108,Olive,Taylor
12109,Roope,Kallio
12111,Oliver,Mortensen
12112,Adrian,Cunningham
12113,Ronja,Erkkila
12114,Brunhilde,Blank
12115,Amy,Chu
12116,Etta,Reese
12117,Pihla,Nikula
12118,Peppi,Rautio
12119,Hemaxi,Dias
12120,Lene,Martens
12121,Michal,Lacroix
12122,Susanne,Mccoy
12123,Emi,Fogaça
12124,Louis,Masson
12125,Janique,Martins
12127,Alder,Fernandes
12128,Ross,Carroll
12129,Ines,Gallardo
12130,Matias,Kumpula
12132,Maya,Gauthier
12133,Ibrahim,Ørmen
12134,Jun,Venrooij
12135,Alice,Rose
12136,Eden,Perez
12137,Jutta,Lemoine
12138,Ben,Soto
12139,Morris,Day
12140,Simon,Olsen
12141,Molly,Price
12142,Kevin,Brewer
12143,Alice,Chu
12144,Oliver,Hanninen
12145,درسا,جعفری
12146,Francisco,Radke
12147,Alyssa,Williams
12148,Lilly,Fleury
12149,Christina,Kittelsen
12150,Eustácio,Santos
12151,Arthur,Thompson
12152,Annamarie,Menard
12153,Milton,Kuhn
12154,Holly,Evans
12155,Lea,Addy
12156,Vilma,Halla
12157,Yazan,Fossland
12158,Victoria,Kowalski
12159,Bibiana,Caldeira
12160,Carmelo,Guerrero
12161,هستی,پارسا
12162,Marten,Worm
12164,Gonda,Kwant
12165,Raul,Garcia
12166,Mathilde,Petersen
12167,Salem,Van den Bogaert
12168,Max,Wade
12169,Emilija,Borgan
12170,Sharan,Mateman
12171,Arttu,Lehtinen
12172,Clinton,Ward
12173,Debra,Murray
12174,Lotte,Picard
12175,Katrin,Charles
12176,Alivar,da Mata
12177,Miro,Honkala
12178,Ilona,Seiffert
12179,Jacob,Petersen
12180,Jessie,Carter
12181,Ellen,Reyes
12182,Agustin,Vazquez
12183,Maxime,Gagné
12184,Jasper,Kraft
12185,Stephan,Perrin
12188,Rose,Hanson
12189,Wallace,Stephens
12190,Yasmin,Van Breda
12191,Peter,Hamilton
12192,Katy,Boll
12194,Beth,Bradley
12195,Oscar,Giraud
12196,William,Lo
12197,Kimberly,Soto
12198,Filiz,Stephan
12199,Babür,Önür
12200,Johnnie,Sloothaak
12201,Laurie,Macdonald
12202,Olivia,Kilpela
12203,Ömür,Öymen
12204,Romana,Santos
12205,Joris,Joly
12206,Gaëtan,Bourgeois
12207,رادین,نجاتی
12208,Melanie,Hölzer
12209,Yasin,Olsnes
12210,Gary,Day
12211,Marcelina,Westgaard
12212,حامد,محمدخان
12213,Miko,Boode
12214,Bernice,Perry
12215,Roland,Harper
12216,Silas,Denis
12217,Miro,Menard
12218,Tatum,Bruggeman
12219,Emilio,Da Silva
12220,Philip,Da Silva
12221,Linda,Jordan
12222,Isla,Wood
12223,Melinda,Kelley
12225,Anastasia,Wessel
12226,Jerry,Lopez
12227,Maria,Jones
12228,Aapo,Wiita
12229,Neura,da Costa
12231,Louanne,Caron
12232,Sergio,Anderson
12233,Susan,Tucker
12234,Goda,Hosseini
12235,Gerritdina,Van den Bovenkamp
12236,Maia,Hughes
12237,Max,Stevens
12238,Ahmed,Michaelis
12239,Hauk,Poulsen
12240,Ursula,Sanchez
12241,Aynur,Schewe
12242,Emma,Franklin
12243,Hector,Snyder
12244,Stacey,Jenkins
12246,Rindert,Freeke
12247,Amir,Bourgeois
12248,Miriam,Heia
12249,Marilyn,Davis
12250,Norah,Giraud
12251,Paul,Ferguson
12252,Giray,Çetiner
12254,Théo,Muller
12255,Zachary,Burns
12256,Alyssa,Menard
12257,Wilhelm,Colin
12258,Emil,Petersen
12259,Olaídes,Moraes
12260,Thaíse,Nogueira
12261,Lorena,Moreno
12262,Eddie,Stahl
12263,Ingbert,Rohrer
12264,Molly,Nelson
12265,Vânio,da Cunha
12266,Martial,Deschamps
12267,Sara,Nielsen
12268,Isabella,Andersen
12269,Sandro,Moraes
12270,Ramon,Carmona
12271,Jordan,Jones
12272,Dóriclo,Gomes
12273,Kylie,Harper
12274,Seth,Harper
12275,Arisberto,Araújo
12277,Cléa,Hubert
12278,Xavier,Leon
12280,Jaqueline,Gehring
12281,Jade,Gagnon
12282,Cornelius,Bredal
12283,Hassan,Kvamme
12284,Lídia,Silva
12285,Vicky,Williamson
12287,Lærke,Christiansen
12288,Ron,Lopez
12289,Alois,Horvath
12290,Abby,Jimenez
12291,Louis,Gauthier
12292,Marcus,Arnold
12293,Aaliyah,Wang
12294,Ayoub,Rolandsen
12295,Katie,Williams
12296,Efe,Özgörkey
12298,Deanna,Henry
12299,Orandino,Silva
12300,Jaden,Huizing
12301,Paulo,Leclerc
12302,Stella,Wood
12303,Greg,Thompson
12305,Sevda,Rensink
12306,Ryder,Wang
12307,Jade,Gauthier
12308,Lana,Dubois
12309,Aaron,Butler
12310,آدرین,حسینی
12311,Angie,Bailey
12312,Sebastian,Jones
12313,Vilmer,Antonsen
12314,Enya,Schmitt
12315,Hudson,Roberts
12316,Khallil,Noorlander
12317,Rosina,Eismann
12318,هستی,سلطانی نژاد
12319,Arthur,Slawa
12320,Krista,Rupp
12321,Valerio,Gonzalez
12322,Melike,Orbay
12323,Anette,Groven
12324,Francisca,Peña
12325,Louis,Chen
12326,Sabira,Kielstra
12327,Zackary,Lévesque
12328,Hugh,Adams
12329,Lonnie,Castillo
12330,آیناز,گلشن
12331,Elliot,Vidal
12332,سینا,نجاتی
12334,Dustin,Lowe
12335,Janis,Perrin
12336,Janet,Holland
12337,Mélissa,Philippe
12338,Holly,Frazier
12339,Lisa,Henderson
12340,Liam,Cooper
12341,Darren,Perry
12342,Hunter,Ruiz
12343,Diana,Franklin
12344,Anton,Rinne
12345,Manuel,Garnier
12346,Jacqueline,Jones
12347,Elias,Olsen
12348,Eetu,Lauri
12349,Werner,Van Wissen
12350,Sofia,Masson
12351,Adeline,Lefebvre
12352,Marianne,Novak
12353,Victor,Wood
12354,Holly,Jones
12355,Lester,Anderson
12356,Balder,Kavli
12357,Celine,Lopez
12358,Ian,Fox
12359,Oskar,Lemoine
12360,Kenan,Limoncuoğlu
12361,Sandra,Perez
12362,Redmer,Bijsterveld
12363,Axel,Chevalier
12364,Nanna,Rasmussen
12365,Leanne,Gauthier
12366,Josep,Pastor
12367,Vanesa,Gallardo
12368,Ramon,Ross
12369,Aleksi,Anttila
12370,Judith,Bryant
12371,Christina,Steward
12372,Theodore,Østreng
12373,Chloe,Knight
12374,Mason,Kowalski
12375,Ömür,Karaduman
12376,Anthony,Chow
12377,Andre,Barnett
12378,Isabel,Smith
12379,Ellen,Morales
12380,Todd,Mitchell
12381,Damien,Deschamps
12382,Hector,Blanco
12383,Jacqueline,Barnes
12384,Umut,Beşok
12385,رضا,مرادی
12386,Antonius,Hauber
12387,Minea,Wiita
12388,Karlheinz,Reinicke
12389,Travis,Warren
12390,Alexis,Patel
12391,Ronnie,Moore
12392,Malthe,Hansen
12393,Joe,Payne
12394,Angela,Tucker
12395,Paul,Mills
12396,Sophie,Clarke
12397,Bernhard,Lieske
12398,Mareen,Rauh
12399,Milly,Haddal
12400,Nathaniel,King
12401,Dana,Masson
12402,Anne-Jet,Rahman
12403,Maya,Mackay
12404,Elvine,Nordang
12405,Howard,Matthews
12406,Horst-Dieter,Hamann
12407,Vita,Schuurs
12408,Arne,Siebert
12409,Madison,Barnaby
12410,Deniz,Öymen
12412,Kadir,Ayaydın
12413,Loraci,da Mota
12414,Maja,Poulsen
12415,Kelly,Mason
12416,Carmen,Santiago
12417,Maia,Patel
12418,Sara,Dupont
12419,Ehrenfried,Findeisen
12420,Brad,Hughes
12421,Adrian,Menard
12422,Carol,Jennings
12423,Matheus,Roald
12424,Robin,Lecomte
12425,Gerdina,Van der Zanden
12426,Christian,Christiansen
12427,Barış,Babacan
12428,Mike,Klostermann
12429,Sana,Brattli
12430,Jorge,Santana
12431,Justin,Lam
12432,Marta,Soto
12433,Auguste,Thomas
12434,Izzie,Hale
12435,Georgia,Smith
12436,Juan,Long
12437,Curtis,Sims
12439,Irene,Davis
12440,Walter,Bryant
12441,Britney,Reid
12442,Vicenta,Vidal
12443,Yolanda,Gonzalez
12444,Sebastian,Taylor
12445,Avery,Ma
12446,Dennis,Woods
12447,Nathan,Rhodes
12448,Jeff,Ward
12449,Peyton,Jones
12450,Bella,Jacobs
12451,Soledad,Dominguez
12452,Sélène,David
12453,Hector,Larson
12454,Nicklas,Nielsen
12455,Kuzey,Tütüncü
12456,Chiara,Girard
12457,Enni,Kalm
12458,Sophia,Brooks
12459,مرسانا,حیدری
12460,Beau,White
12461,Mélody,Chevalier
12462,Silje,Jensen
12463,Pilar,Sanz
12464,Polina,Beier
12466,Oscar,Perez
12467,Felícia,Silva
12468,Lorena,Duran
12469,Bill,Thomas
12470,Jan-Willem,Dursun
12471,Oya,Numanoğlu
12472,Lester,Thomas
12473,Ercan,Wakker
12475,Catharinus,Chung
12476,Liva,Nielsen
12477,Alfredo,Francois
12478,Leana,Picard
12479,زهرا,سالاری
12480,Melike,Ekici
12481,Ritthy,Welch
12482,سهیل,احمدی
12483,Nouaman,Ravestein
12484,Kerttu,Eskola
12485,Jackson,Brown
12486,Marilou,Richard
12487,Nieves,Reyes
12488,Sara,Flores
12489,مهدیس,رضاییان
12490,Ting,Van Meijl
12491,Eva,Watson
12492,Ruben,Rubio
12494,Dicle,Kasteel
12495,Carter,Hughes
12496,Kristian,Hollmann
12497,Leonard,Lynch
12498,Cory,Wood
12499,Eliza,Palmer
